Experiment,Test Accuracy,Training Size
supervised_0.8,0.9756367663344407,3608.8
self_training_0.25,0.9579646017699115,3968.0
self_training_0.2,0.9513274336283186,3977.0
self_training_0.15,0.9446902654867256,3987.0
