Experiment,Test Accuracy,Training Size
self_training_0.25,0.9668141592920354,3899.0
supervised_0.8,0.9656699889258029,3608.8
self_training_0.2,0.9601769911504425,3898.0
self_training_0.15,0.9579646017699115,3796.0
