iteration,test_accuracy,cv_accuracy,train_accuracy,precision,recall,f1,training_size
1,0.9469026548672567,0.996236559139785,0.9973103819257665,[0.94444444 0.8880597  0.9751773 ],[0.85       0.952      0.95818815],[0.89473684 0.91891892 0.96660808],3718
2,0.9513274336283186,0.9959287531806617,0.9977075904228222,[1.         0.88888889 0.97526502],[0.85       0.96       0.96167247],[0.91891892 0.92307692 0.96842105],3926
3,0.9491150442477876,0.9962121212121211,0.9977238239757208,[1.         0.88721805 0.97183099],[0.875      0.944      0.96167247],[0.93333333 0.91472868 0.96672504],3954
4,0.9469026548672567,0.9957057920981971,0.997726698661278,[1.         0.88636364 0.96842105],[0.875      0.936      0.96167247],[0.93333333 0.91050584 0.96503497],3959
5,0.9446902654867256,0.9947204536536589,0.9977341389728097,[1.         0.88549618 0.96503497],[0.875      0.928      0.96167247],[0.93333333 0.90625    0.96335079],3972
6,0.9446902654867256,0.9944824372489013,0.9977403966859152,[1.         0.88549618 0.96503497],[0.875      0.928      0.96167247],[0.93333333 0.90625    0.96335079],3983
7,0.9446902654867256,0.9944824372489013,0.9977426636568849,[1.         0.88549618 0.96503497],[0.875      0.928      0.96167247],[0.93333333 0.90625    0.96335079],3987
8,0.9446902654867256,0.9944824372489013,0.9977426636568849,[1.         0.88549618 0.96503497],[0.875      0.928      0.96167247],[0.93333333 0.90625    0.96335079],3987
