iteration,test_accuracy,cv_accuracy,train_accuracy,precision,recall,f1,training_size
1,0.9491150442477876,0.9944736842105263,0.9971029760337108,[0.94444444 0.88888889 0.97864769],[0.85       0.96       0.95818815],[0.89473684 0.92307692 0.96830986],3797
2,0.9513274336283186,0.9946700507614213,0.9974599949199898,[1.         0.88888889 0.97526502],[0.85       0.96       0.96167247],[0.91891892 0.92307692 0.96842105],3937
3,0.9513274336283186,0.9949622166246851,0.9972271237711117,[1.         0.88888889 0.97526502],[0.85       0.96       0.96167247],[0.91891892 0.92307692 0.96842105],3967
4,0.9513274336283186,0.9947236180904522,0.9969796123835892,[1.         0.8880597  0.97526502],[0.875      0.952      0.96167247],[0.93333333 0.91891892 0.96842105],3973
5,0.9535398230088495,0.9944717289216864,0.9969826502388736,[1.         0.88888889 0.9787234 ],[0.875      0.96       0.96167247],[0.93333333 0.92307692 0.97012302],3977
6,0.9513274336283186,0.9944717289216864,0.9969826502388736,[1.         0.8880597  0.97526502],[0.875      0.952      0.96167247],[0.93333333 0.91891892 0.96842105],3977
