iteration,test_accuracy,cv_accuracy,train_accuracy,precision,recall,f1,training_size
1,0.9557522123893806,0.9919005372301888,0.9955520669806384,[1.         0.8962963  0.97879859],[0.85       0.968      0.96515679],[0.91891892 0.93076923 0.97192982],3822
2,0.9579646017699115,0.9923857868020305,0.9959339263024143,[1.        0.8962963 0.9822695],[0.875      0.968      0.96515679],[0.93333333 0.93076923 0.97363796],3935
3,0.9601769911504425,0.9924293310943184,0.9954556930068165,[1.         0.8962963  0.98576512],[0.9        0.968      0.96515679],[0.94736842 0.93076923 0.97535211],3961
4,0.9579646017699115,0.9924433249370278,0.9957124842370744,[1.         0.89552239 0.9822695 ],[0.9        0.96       0.96515679],[0.94736842 0.92664093 0.97363796],3965
5,0.9579646017699115,0.9924433249370278,0.9957157258064516,[1.         0.89552239 0.9822695 ],[0.9        0.96       0.96515679],[0.94736842 0.92664093 0.97363796],3968
6,0.9579646017699115,0.9924433249370278,0.9954637096774194,[1.         0.89552239 0.9822695 ],[0.9        0.96       0.96515679],[0.94736842 0.92664093 0.97363796],3968
